faq_id,question,answer,category
FAQ001,How can I track my order?,You can track your order by logging into your account and visiting the "Order History" section. You can also find tracking information in your order confirmation email.,Shipping
FAQ002,When will my order ship?,Orders typically ship within 1-2 business days. During holiday seasons or sales events. processing may take 3-4 business days.,Shipping
FAQ003,Do you ship internationally?,Yes we ship to over 100 countries worldwide. International shipping costs and delivery times vary by destination.,Shipping
FAQ004,How much does shipping cost?,Domestic shipping starts at $5.99 for standard delivery and $12.99 for express. International shipping rates begin at $19.99 depending on package weight and destination.,Shipping
FAQ005,Can I expedite my shipping?,Yes we offer express shipping options that deliver within 1-3 business days for most locations. This option is available during checkout for an additional fee.,Shipping
FAQ006,Do you ship to PO Boxes?,Yes we can deliver to PO Boxes for standard shipping methods but express and overnight shipping options require a physical address.,Shipping
FAQ007,Can I change my shipping address after placing an order?,Address changes can be made within 2 hours of placing your order. Please contact customer service immediately if you need to update your shipping details.,Shipping
FAQ008,What is your return policy?,We offer a 30-day satisfaction guarantee. Items must be unused with original tags and packaging to qualify for a full refund.,Returns
FAQ009,How do I start a return?,To initiate a return log into your account select the order and click "Return Items." You'll receive a prepaid shipping label via email.,Returns
FAQ010,Do I have to pay for return shipping?,Return shipping is free for defective items or our errors. For preference-based returns a $5.95 shipping fee will be deducted from your refund.,Returns
FAQ011,How long does it take to process a refund?,Refunds are typically processed within 3-5 business days after we receive your return. It may take an additional 2-7 days for the funds to appear in your account.,Returns
FAQ012,Can I exchange instead of returning?,Yes you can request an exchange for a different size or color. Please indicate your preference when starting the return process in your account.,Returns
FAQ013,Do you offer store credit?,Yes you can opt for store credit instead of a refund. Store credit is issued immediately upon return approval and includes an extra 10% bonus.,Returns
FAQ014,What payment methods do you accept?,We accept all major credit cards (Visa. Mastercard. American.Express. Discover) PayPal Apple Pay Google Pay and gift cards.,Payment
FAQ015,Is my payment information secure?,Yes all payment information is encrypted using industry-standard SSL technology. We never store your complete credit card details on our servers.,Payment
FAQ016,Can I use multiple payment methods for one order?,Currently we only support one payment method per order. Gift cards can be combined with another payment method.,Payment
FAQ017,Why was my credit card declined?,Cards may be declined due to insufficient funds incorrect information or bank security measures. Please verify your details or contact your bank for assistance.,Payment
FAQ018,Do you offer financing options?,Yes we partner with Affirm and Klarna to offer flexible payment plans. These options are available during checkout for qualifying purchases.,Payment
FAQ019,When will I be charged for my order?,Your card is authorized at checkout but only charged when your order ships. Pre-orders may be charged at the time of purchase.,Payment
FAQ020,How do I redeem a gift card?,Enter your gift card number and PIN in the payment section during checkout. Any remaining balance will stay on your card for future purchases.,Payment
FAQ021,What are your product warranties?,Most products come with a 1-year manufacturer warranty against defects. Premium items may have extended warranties of 2-5 years.,Product Info
FAQ022,Are your products eco-friendly?,Many of our products feature sustainable materials and manufacturing processes. Look for the "Eco-Friendly" badge on product pages for more information.,Product Info
FAQ023,How do I know which size to order?,Please refer to our detailed size guides on product pages. For clothing we provide measurements for each size to help you find the perfect fit.,Product Info
FAQ024,Are your products cruelty-free?,All of our beauty and personal care products are certified cruelty-free. We never test on animals and only partner with ethical suppliers.,Product Info
FAQ025,Do you sell gift certificates?,Yes digital gift cards are available in amounts from $25 to $500. Recipients receive an email with redemption instructions.,Product Info
FAQ026,How do I create an account?,Click the "Account" icon in the top right corner of our website and select "Create Account." Enter your email create a password and complete your profile.,Account
FAQ027,I forgot my password. How do I reset it?,Click "Forgot Password" on the login page. We'll send a password reset link to your registered email address.,Account
FAQ028,How do I update my account information?,Log into your account go to "Account Settings" and you can update your personal information addresses and communication preferences.,Account
FAQ029,Can I save multiple shipping addresses?,Yes you can save up to 5 shipping addresses in your account for easy selection during checkout.,Account
FAQ030,How do I subscribe to your newsletter?,You can subscribe during account creation at checkout or by entering your email in the subscription field at the bottom of our homepage.,Account
FAQ031,How do I unsubscribe from emails?,Click the "Unsubscribe" link at the bottom of any email we send or update your communication preferences in your account settings.,Account
FAQ032,What is your privacy policy?,Our privacy policy details how we collect use and protect your personal information. You can find the complete policy in the footer of our website.,Privacy
FAQ033,Do you share my information with third parties?,We never sell your personal information. We only share data with service providers necessary to fulfill your orders and improve your shopping experience.,Privacy
FAQ034,How do I request deletion of my personal data?,You can request data deletion through your account settings under "Privacy Options" or by contacting our customer service team.,Privacy
FAQ035,Does your website use cookies?,Yes we use cookies to enhance your browsing experience remember preferences and provide personalized recommendations. You can manage cookie settings in your browser.,Privacy
FAQ036,Is your website accessible for users with disabilities?,Yes our website is designed according to WCAG guidelines to ensure accessibility for all users including those using screen readers and other assistive technologies.,Website
FAQ037,The website isn't loading properly. What should I do?,Try clearing your browser cache and cookies or try a different browser. If problems persist please contact our technical support team.,Website
FAQ038,Can I shop on my mobile device?,Yes our website is fully responsive and optimized for mobile shopping. We also offer dedicated iOS and Android apps for an enhanced experience.,Website
FAQ039,Where do I enter my promo code?,During checkout you'll see a field labeled "Promo Code" or "Discount Code" where you can enter your code before finalizing your payment.,Discounts
FAQ040,Why isn't my promo code working?,Promo codes may have expiration dates minimum purchase requirements or product restrictions. Check the terms of your specific code or contact customer service for assistance.,Discounts
FAQ041,Do you offer student or military discounts?,Yes we offer a 10% discount for verified students and a 15% discount for active military personnel and veterans. Verification is required through ID.me.,Discounts
FAQ042,How do I join your loyalty program?,You're automatically enrolled in our rewards program when you create an account. Points are earned on every purchase and can be redeemed for discounts.,Loyalty
FAQ043,How do I check my reward points balance?,Log into your account and visit the "Rewards" section to see your current points balance earning history and available rewards.,Loyalty
FAQ044,I need to speak with a supervisor about my unresolved issue. How do I escalate my concern?,If your issue remains unresolved please request a supervisor by saying "I'd like to escalate this issue." Note your case number and a senior representative will contact you within 24 hours.,Escalation
FAQ045,My order arrived damaged. I've already contacted basic support but need additional assistance.,For damaged items please take photos of the damage and email them to claims@example.com with your order number. A specialized claims agent will be assigned to resolve this issue promptly.,Escalation
FAQ046,I've been trying to resolve a billing error for weeks without success. How can I get this escalated?,For billing disputes over 14 days old please request our Billing Resolution Team by using reference code "BR-ESCALATE" when contacting customer service. They have special authority to resolve complex financial matters.,Escalation
FAQ047,I need to speak with someone about a sensitive personal data issue that basic support couldn't handle.,For data privacy concerns requiring specialized assistance please email privacy@example.com with subject line "Attention: Data Protection Officer" for immediate escalation to our privacy team.,Escalation
FAQ048,My refund was approved weeks ago but still hasn't processed. How do I escalate this financial matter?,For refund delays exceeding 10 business days request our Finance Escalation Team by providing your refund confirmation number. This team has direct access to payment processing systems to investigate delays.,Escalation
FAQ049,I've received the wrong item multiple times despite reshipments. How can I escalate this recurring issue?,For repeated fulfillment errors request a "Quality Assurance Review" when contacting support. This escalates your case to our fulfillment managers who will personally oversee your replacement order.,Escalation
FAQ050,I'm experiencing technical issues with your app that basic support couldn't fix. How do I reach technical specialists?,For persistent technical issues please use code "TECH-ESC" when contacting support to be directly connected with our Level 2 Technical Support team who can address complex platform or account issues.,Escalation
FAQ051,Can I modify my order after it's been placed?,Orders can be modified within 1 hour of placement. Please contact customer service immediately with your order number to request changes.,Order Management
FAQ052,How do I cancel my order?,To cancel an order log into your account and select "Cancel Order" from the order details page. Cancellations are only possible before shipping begins.,Order Management
FAQ053,I received a defective product. What should I do?,Please take photos of the defective item and contact our customer service with your order number. We'll arrange a replacement or refund immediately.,Product Issues
FAQ054,How do I assemble my furniture purchase?,Assembly instructions are included with your item. You can also find digital versions on our website under "Support" → "Assembly Guides" by entering your product code.,Product Support
FAQ055,What should I do if parts are missing from my order?,Contact customer service with your order number and specify which parts are missing. We'll ship replacement parts to you free of charge within 3-5 business days.,Product Issues
FAQ056,Do you offer installation services?,Yes professional installation is available for select large items at checkout. Pricing varies based on product complexity and your location.,Services
FAQ057,How do I clean and maintain my product?,Product-specific care instructions are included with your purchase and can also be found on each product page under the "Care & Maintenance" tab.,Product Support
FAQ058,Do you offer price matching?,Yes we match prices from authorized retailers within 14 days of purchase. Submit price match requests through your account with evidence of the competitor's price.,Pricing
FAQ059,What is your in-stock guarantee?,If an item shows as "In Stock" but becomes unavailable after you order we'll offer a 10% discount on your next purchase as compensation.,Inventory
FAQ060,How do I apply for a store credit card?,You can apply for our store credit card online in the "Payment Options" section or during checkout. Approval takes approximately 2-3 minutes.,Credit Card
FAQ061,What are the benefits of your store credit card?,Our credit card offers 5% back on all purchases special financing options exclusive cardholder events and early access to sales.,Credit Card
FAQ062,How do I check my store credit card balance?,You can check your balance by logging into your credit account through our website or by calling the number on the back of your card.,Credit Card
FAQ063,Can I use my store credit card internationally?,Yes our store credit card can be used for international purchases with no foreign transaction fees.,Credit Card
FAQ064,How do I dispute a charge on my store credit card?,Contact our credit card services department at 1-800-555-CARD or visit the "Dispute Charge" section in your online credit account.,Credit Card
FAQ065,Do you offer curbside pickup?,Yes curbside pickup is available at all our retail locations. Select "Curbside Pickup" at checkout and follow the instructions in your confirmation email.,Store Pickup
FAQ066,How long will my order be held for in-store pickup?,We'll hold your order for 7 days. If not collected within this period your order will be canceled and refunded.,Store Pickup
FAQ067,Can someone else pick up my order?,Yes you can designate an alternate pickup person. They'll need to provide your order number and show their ID at pickup.,Store Pickup
FAQ068,Do you offer product repair services?,Yes we offer repair services for products within and outside of warranty periods. Service fees apply for out-of-warranty repairs.,Services
FAQ069,How do I schedule a product repair?,Contact our service department to schedule a repair. For eligible items we offer in-home service or you can ship the product to our repair center.,Services
FAQ070,Do you offer design consultation services?,Yes our design consultants offer free virtual consultations and paid in-home services to help with product selection and room planning.,Services
FAQ071,How do I book a design consultation?,Schedule a design consultation through our website's "Services" section or by calling our customer service line.,Services
FAQ072,Do you offer product customization?,Select furniture and home décor items can be customized with fabric finish and dimensional options. Look for the "Customize" button on eligible product pages.,Customization
FAQ073,How long do customized orders take?,Custom orders typically require 4-8 weeks for production and delivery depending on the complexity of the customization and current production volumes.,Customization
FAQ074,Can I cancel a custom order?,Custom orders can only be canceled within 24 hours of placement. After this period custom orders cannot be canceled or returned.Customization
FAQ075,Do you offer trade discounts for designers and businesses?,Yes we offer trade programs for interior designers architects and commercial clients with special pricing and dedicated account management.,Trade Program
FAQ076,How do I apply for a trade account?,Professional trade applications can be submitted through the "Trade Program" section of our website with proof of business credentials.,Trade Program
FAQ077,What are the requirements for a trade account?,Trade accounts require a business license resale certificate or professional design credentials. Applications are typically reviewed within 3 business days.,Trade Program
FAQ078,Do you offer volume discounts for large orders?,Yes orders over $5000 qualify for tiered discounts starting at 5%. Contact our business sales team for custom quotes on large orders.,Bulk Ordering
FAQ079,How do I place a bulk or corporate order?,For orders of 10+ units or corporate purchasing please contact our business sales department at business@example.com with your requirements.,Bulk Ordering
FAQ080,Do you offer samples before ordering?,Yes we offer fabric swatches material samples and color chips for most customizable products. Samples can be ordered from product pages for a small fee.,Samples
FAQ081,How long does it take to receive samples?,Samples are typically shipped within 1-2 business days and arrive within 3-5 business days via standard mail.,Samples
FAQ082,Are product samples free?,We charge a nominal fee of $2-5 per sample which is credited back to your account if you make a purchase of the sampled item within 30 days.,Samples
FAQ083,Do you offer gift wrapping services?,Yes gift wrapping is available during checkout for a $5.95 fee per item. You can also include a personalized gift message at no additional cost.,Gift Services
FAQ084,How do I add a gift receipt to my order?,Select the "This is a gift" option during checkout to include a gift receipt without pricing information in the package.,Gift Services
FAQ085,Do you offer product warranties beyond the manufacturer's warranty?,Yes we offer extended protection plans on electronics appliances and furniture. These can be added during checkout for 1-5 year coverage periods.,Warranties
FAQ086,How do I file a warranty claim?,To file a warranty claim visit the "Support" section of our website and select "Warranty Claims." You'll need your order number and product information.,Warranties
FAQ087,My product is discontinued. Can I still get replacement parts?,We stock replacement parts for discontinued items for up to 5 years. Contact customer service with your product model to check availability.,Parts & Accessories
FAQ088,How do I order replacement parts?,Replacement parts can be ordered through the "Parts & Accessories" section of our website by entering your product model number.,Parts & Accessories
FAQ089,I'm experiencing issues with your mobile app. What should I do?,Try updating the app to the latest version or reinstalling it. If problems persist contact our technical support team with your device information.,Technical Support
FAQ090,The product images aren't loading on your website. How can I fix this?,Try clearing your browser cache or using a different browser. If the issue continues it may be temporary on our end - please try again later.,Technical Support
FAQ091,I need technical support for my electronic product. Who do I contact?,Our technical support team is available via live chat email or phone. Please have your product model number and purchase date ready when you contact us.,Technical Support
FAQ092,I'm moving to a new home. Can you help me transfer my large purchases?,Yes we offer a relocation service for qualified purchases. Contact our customer service at least 2 weeks before your move for scheduling and pricing.,Services
FAQ093,My delivery time window wasn't honored. What compensation do you offer?,If your delivery arrived outside the scheduled window contact customer service with your order details. We typically offer a partial refund of delivery fees.,Escalation
FAQ094,I need to escalate a recurring website glitch that's preventing me from ordering.,For persistent technical ordering issues request our "E-commerce Technical Specialist" by using reference code "WEB-ESC" when contacting support.,Escalation
FAQ095,I have allergies and need detailed product material information not listed on your website.,For specialized product material inquiries please contact our Product Information Team at materials@example.com with subject "Material Specification Request" for detailed composition analysis.,Product Info
FAQ096,I'm dissatisfied with multiple aspects of my expensive purchase and need executive assistance.,For comprehensive resolution of high-value purchase issues request our "Executive Customer Relations" team by mentioning code "ECR-REVIEW" when contacting support.,Escalation
FAQ097,I've been incorrectly charged multiple times and need immediate financial resolution.,For duplicate charging issues immediately contact our Payment Processing Department at 1-888-555-BILL and reference "Urgent Billing Correction" for priority handling.,Escalation
FAQ098,I need assistance with an order placed through a third-party financing service that's showing errors.,For issues with third-party financing contact our Finance Partnership Team by using code "FIN-PARTNER" when speaking with customer service for specialized assistance.,Escalation
FAQ099,I need accommodations for a disability when using your products or services.,For accessibility assistance and product accommodation requests please contact our Accessibility Team at access@example.com who specialize in adaptive solutions and support.,Accessibility
FAQ100,Do you offer voice shopping assistance for visually impaired customers?,Yes we offer specialized shopping assistance for customers with visual impairments through our dedicated accessibility phone line at 1-877-555-ACCESS.,Accessibility